{
  "character": {
    "position": {
      "x": -170,
      "y": 0,
      "z": -12.5
    },
    "rotation": {
      "x": 0,
      "y": 3.141592653589793,
      "z": 0
    },
    "scale": {
      "x": 10,
      "y": 10,
      "z": 10
    }
  },
  "enemies": [
    {
      "position": {
        "x": -8.898880282079155,
        "y": 0,
        "z": -299.6973488207164
      },
      "rotation": {
        "x": 0,
        "y": 3.0731821343832912,
        "z": 0
      },
      "scale": {
        "x": 10,
        "y": 10,
        "z": 10
      }
    }
  ]
}